ID,lastName
1ln,Müller
2ln,Schmidt
3ln,Schneider
4ln,Fischer
5ln,Weber
6ln,Meyer
7ln,Wagner
8ln,Schulz
9ln,Bauer
10ln,Becker
11ln,Meier
12ln,Hoffmann
13ln,Koch
14ln,Klein
15ln,Richter
16ln,Wolf
17ln,Schwarz
18ln,Schäfer
19ln,Huber
20ln,Neumann
21ln,Maier
22ln,Mayer
23ln,Schröder 
24ln,Braun
25ln,Berger
26ln,Schmid
27ln,Zimmermann
28ln,Schmitz
29ln,Schmitt
30ln,Hofmann
31ln,Krüger
32ln,Hartmann
33ln,Werner
34ln,Fuchs
35ln,Lange
36ln,Lehmann
37ln,König
38ln,Kaiser
39ln,Krause
40ln,Walter
41ln,Schulze
42ln,Lang
43ln,Keller
44ln,Peters
45ln,Herrmann
46ln,Winkler
47ln,Frank
48ln,Sommer
49ln,Steiner
50ln,Jung
51ln,Köhler
52ln,Baumann
53ln,Winter
54ln,Roth
55ln,Vogel
56ln,Scholz
57ln,Möller
58ln,Gruber
59ln,Graf
60ln,Schubert
61ln,Engel
62ln,Schuster
63ln,Stein
64ln,Friedrich
65ln,Beck
66ln,Hahn
67ln,Lorenz
68ln,Martin
69ln,Peter
70ln,Simon
71ln,Moser
72ln,Albrecht
73ln,Franke
74ln,Günther
75ln,Haas
76ln,Ludwig
77ln,Schumacher
78ln,Kraus
79ln,Thomas
80ln,Vogt
81ln,Jäger
82ln,Kaufmann
83ln,Heinrich
84ln,Mueller
85ln,Weiß
86ln,Schreiber
87ln,Brunner
88ln,Hansen
89ln,Maus
90ln,Otto
91ln,Böhm
92ln,Bergmann
93ln,Paul
94ln,Brandt
95ln,Seidel
96ln,Kern
97ln,Hofer
98ln,Krämer
99ln,Dietrich
100ln,Herrmann
101ln,Arnold
102ln,Jansen
103ln,Kramer
104ln,Franz
105ln,Ernst
106ln,Kuhn
107ln,Lindner
108ln,Horn
109ln,Ziegler
110ln,Maurer
111ln,Ritter
112ln,Schulte
113ln,Pohl
114ln,Sauer
115ln,Pfeiffer
116ln,Busch
117ln,Voigt
118ln,Seifert
119ln,Bachmann
120ln,Wolff
121ln,Nowak 
