ID,houseNumber
1nmbr,1a
2nmbr,1b
3nmbr,1c
4nmbr,1d
5nmbr,1e
6nmbr,1f
7nmbr,1g
8nmbr,1h
9nmbr,1i
10nmbr,1j
11nmbr,1k
12nmbr,1l
13nmbr,1m
14nmbr,1n
15nmbr,1o
16nmbr,1p
17nmbr,1q
18nmbr,1r
19nmbr,1s
20nmbr,1t
21nmbr,1u
22nmbr,1v
23nmbr,1w
24nmbr,1x
25nmbr,1y
26nmbr,2`
27nmbr,2a
28nmbr,2b
29nmbr,2c
30nmbr,2d
31nmbr,2e
32nmbr,2f
33nmbr,2g
34nmbr,2h
35nmbr,2i
36nmbr,2j
37nmbr,2k
38nmbr,2l
39nmbr,2m
40nmbr,2n
41nmbr,2o
42nmbr,2p
43nmbr,2q
44nmbr,2r
45nmbr,2s
46nmbr,2t
47nmbr,2u
48nmbr,2v
49nmbr,2w
50nmbr,2x
51nmbr,2y
52nmbr,3`
53nmbr,3a
54nmbr,3b
55nmbr,3c
56nmbr,3d
57nmbr,3e
58nmbr,3f
59nmbr,3g
60nmbr,3h
61nmbr,3i
62nmbr,3j
63nmbr,3k
64nmbr,3l
65nmbr,3m
66nmbr,3n
67nmbr,3o
68nmbr,3p
69nmbr,3q
70nmbr,3r
71nmbr,3s
72nmbr,3t
73nmbr,3u
74nmbr,3v
75nmbr,3w
76nmbr,3x
77nmbr,3y
78nmbr,4`
79nmbr,4a
80nmbr,4b
81nmbr,4c
82nmbr,4d
83nmbr,4e
84nmbr,4f
85nmbr,4g
86nmbr,4h
87nmbr,4i
88nmbr,4j
89nmbr,4k
90nmbr,4l
91nmbr,4m
92nmbr,4n
93nmbr,4o
94nmbr,4p
95nmbr,4q
96nmbr,4r
97nmbr,4s
98nmbr,4t
99nmbr,4u
100nmbr,4v
101nmbr,4w
102nmbr,4x
103nmbr,4y
104nmbr,5`
105nmbr,5a
106nmbr,5b
107nmbr,5c
108nmbr,5d
109nmbr,5e
110nmbr,5f
111nmbr,5g
112nmbr,5h
113nmbr,5i
114nmbr,5j
115nmbr,5k
116nmbr,5l
117nmbr,5m
118nmbr,5n
119nmbr,5o
120nmbr,5p
121nmbr,5q
122nmbr,5r
123nmbr,5s
124nmbr,5t
125nmbr,5u
126nmbr,5v
127nmbr,5w
128nmbr,5x
129nmbr,5y
130nmbr,6`
131nmbr,6a
132nmbr,6b
133nmbr,6c
134nmbr,6d
135nmbr,6e
136nmbr,6f
137nmbr,6g
138nmbr,6h
139nmbr,6i
140nmbr,6j
141nmbr,6k
142nmbr,6l
143nmbr,6m
144nmbr,6n
145nmbr,6o
146nmbr,6p
147nmbr,6q
148nmbr,6r
149nmbr,6s
150nmbr,6t
151nmbr,6u
152nmbr,6v
153nmbr,6w
154nmbr,6x
155nmbr,6y
156nmbr,7`
157nmbr,7a
158nmbr,7b
159nmbr,7c
160nmbr,7d
161nmbr,7e
162nmbr,7f
163nmbr,7g
164nmbr,7h
165nmbr,7i
166nmbr,7j
167nmbr,7k
168nmbr,7l
169nmbr,7m
170nmbr,7n
171nmbr,7o
172nmbr,7p
173nmbr,7q
174nmbr,7r
175nmbr,7s
176nmbr,7t
177nmbr,7u
178nmbr,7v
179nmbr,7w
180nmbr,7x
181nmbr,7y
182nmbr,8`
183nmbr,8a
184nmbr,8b
185nmbr,8c
186nmbr,8d
187nmbr,8e
188nmbr,8f
189nmbr,8g
190nmbr,8h
191nmbr,8i
192nmbr,8j
193nmbr,8k
194nmbr,8l
195nmbr,8m
196nmbr,8n
197nmbr,8o
198nmbr,8p
199nmbr,8q
200nmbr,8r
201nmbr,8s
202nmbr,8t
203nmbr,8u
204nmbr,8v
205nmbr,8w
206nmbr,8x
207nmbr,8y
208nmbr,9`
209nmbr,9a
210nmbr,9b
211nmbr,9c
212nmbr,9d
213nmbr,9e
214nmbr,9f
215nmbr,9g
216nmbr,9h
217nmbr,9i
218nmbr,9j
219nmbr,9k
220nmbr,9l
221nmbr,9m
222nmbr,9n
223nmbr,9o
224nmbr,9p
225nmbr,9q
226nmbr,9r
227nmbr,9s
228nmbr,9t
229nmbr,9u
230nmbr,9v
231nmbr,9w
232nmbr,9x
233nmbr,9y
234nmbr,10`
235nmbr,10a
236nmbr,10b
237nmbr,10c
238nmbr,10d
239nmbr,10e
240nmbr,10f
241nmbr,10g
242nmbr,10h
243nmbr,10i
244nmbr,10j
245nmbr,10k
246nmbr,10l
247nmbr,10m
248nmbr,10n
249nmbr,10o
250nmbr,10p
251nmbr,10q
252nmbr,10r
253nmbr,10s
254nmbr,10t
255nmbr,10u
256nmbr,10v
257nmbr,10w
258nmbr,10x
259nmbr,10y
260nmbr,11`
261nmbr,11a
262nmbr,11b
263nmbr,11c
264nmbr,11d
265nmbr,11e
266nmbr,11f
267nmbr,11g
268nmbr,11h
269nmbr,11i
270nmbr,11j
271nmbr,11k
272nmbr,11l
273nmbr,11m
274nmbr,11n
275nmbr,11o
276nmbr,11p
277nmbr,11q
278nmbr,11r
279nmbr,11s
280nmbr,11t
281nmbr,11u
282nmbr,11v
283nmbr,11w
284nmbr,11x
285nmbr,11y
286nmbr,12`
287nmbr,12a
288nmbr,12b
289nmbr,12c
290nmbr,12d
291nmbr,12e
292nmbr,12f
293nmbr,12g
294nmbr,12h
295nmbr,12i
296nmbr,12j
297nmbr,12k
298nmbr,12l
299nmbr,12m
300nmbr,12n
301nmbr,12o
302nmbr,12p
303nmbr,12q
304nmbr,12r
305nmbr,12s
306nmbr,12t
307nmbr,12u
308nmbr,12v
309nmbr,12w
310nmbr,12x
311nmbr,12y
312nmbr,13`
313nmbr,13a
314nmbr,13b
315nmbr,13c
316nmbr,13d
317nmbr,13e
318nmbr,13f
319nmbr,13g
320nmbr,13h
321nmbr,13i
322nmbr,13j
323nmbr,13k
324nmbr,13l
325nmbr,13m
326nmbr,13n
327nmbr,13o
328nmbr,13p
329nmbr,13q
330nmbr,13r
331nmbr,13s
332nmbr,13t
333nmbr,13u
334nmbr,13v
335nmbr,13w
336nmbr,13x
337nmbr,13y
338nmbr,14`
339nmbr,14a
340nmbr,14b
341nmbr,14c
342nmbr,14d
343nmbr,14e
344nmbr,14f
345nmbr,14g
346nmbr,14h
347nmbr,14i
348nmbr,14j
349nmbr,14k
350nmbr,14l
351nmbr,14m
352nmbr,14n
353nmbr,14o
354nmbr,14p
355nmbr,14q
356nmbr,14r
357nmbr,14s
358nmbr,14t
359nmbr,14u
360nmbr,14v
361nmbr,14w
362nmbr,14x
363nmbr,14y
364nmbr,15`
365nmbr,15a
366nmbr,15b
367nmbr,15c
368nmbr,15d
369nmbr,15e
370nmbr,15f
371nmbr,15g
372nmbr,15h
373nmbr,15i
374nmbr,15j
375nmbr,15k
376nmbr,15l
377nmbr,15m
378nmbr,15n
379nmbr,15o
380nmbr,15p
381nmbr,15q
382nmbr,15r
383nmbr,15s
384nmbr,15t
385nmbr,15u
386nmbr,15v
387nmbr,15w
388nmbr,15x
389nmbr,15y
390nmbr,16`
391nmbr,16a
392nmbr,16b
393nmbr,16c
394nmbr,16d
395nmbr,16e
396nmbr,16f
397nmbr,16g
398nmbr,16h
399nmbr,16i
400nmbr,16j
401nmbr,16k
402nmbr,16l
403nmbr,16m
404nmbr,16n
405nmbr,16o
406nmbr,16p
407nmbr,16q
408nmbr,16r
409nmbr,16s
410nmbr,16t
411nmbr,16u
412nmbr,16v
413nmbr,16w
414nmbr,16x
415nmbr,16y
416nmbr,17`
417nmbr,17a
418nmbr,17b
419nmbr,17c
420nmbr,17d
421nmbr,17e
422nmbr,17f
423nmbr,17g
424nmbr,17h
425nmbr,17i
426nmbr,17j
427nmbr,17k
428nmbr,17l
429nmbr,17m
430nmbr,17n
431nmbr,17o
432nmbr,17p
433nmbr,17q
434nmbr,17r
435nmbr,17s
436nmbr,17t
437nmbr,17u
438nmbr,17v
439nmbr,17w
440nmbr,17x
441nmbr,17y
442nmbr,18`
443nmbr,18a
444nmbr,18b
445nmbr,18c
446nmbr,18d
447nmbr,18e
448nmbr,18f
449nmbr,18g
450nmbr,18h
451nmbr,18i
452nmbr,18j
453nmbr,18k
454nmbr,18l
455nmbr,18m
456nmbr,18n
457nmbr,18o
458nmbr,18p
459nmbr,18q
460nmbr,18r
461nmbr,18s
462nmbr,18t
463nmbr,18u
464nmbr,18v
465nmbr,18w
466nmbr,18x
467nmbr,18y
468nmbr,19`
469nmbr,19a
470nmbr,19b
471nmbr,19c
472nmbr,19d
473nmbr,19e
474nmbr,19f
475nmbr,19g
476nmbr,19h
477nmbr,19i
478nmbr,19j
479nmbr,19k
480nmbr,19l
481nmbr,19m
482nmbr,19n
483nmbr,19o
484nmbr,19p
485nmbr,19q
486nmbr,19r
487nmbr,19s
488nmbr,19t
489nmbr,19u
490nmbr,19v
491nmbr,19w
492nmbr,19x
493nmbr,19y
494nmbr,20`
495nmbr,20a
496nmbr,20b
497nmbr,20c
498nmbr,20d
499nmbr,20e
500nmbr,20f
501nmbr,20g
502nmbr,20h
503nmbr,20i
504nmbr,20j
505nmbr,20k
506nmbr,20l
507nmbr,20m
508nmbr,20n
509nmbr,20o
510nmbr,20p
511nmbr,20q
512nmbr,20r
513nmbr,20s
514nmbr,20t
515nmbr,20u
516nmbr,20v
517nmbr,20w
518nmbr,20x
519nmbr,20y
520nmbr,21`
521nmbr,21a
522nmbr,21b
523nmbr,21c
524nmbr,21d
525nmbr,21e
526nmbr,21f
527nmbr,21g
528nmbr,21h
529nmbr,21i
530nmbr,21j
531nmbr,21k
532nmbr,21l
533nmbr,21m
534nmbr,21n
535nmbr,21o
536nmbr,21p
537nmbr,21q
538nmbr,21r
539nmbr,21s
540nmbr,21t
541nmbr,21u
542nmbr,21v
543nmbr,21w
544nmbr,21x
545nmbr,21y
546nmbr,22`
547nmbr,22a
548nmbr,22b
549nmbr,22c
550nmbr,22d
551nmbr,22e
552nmbr,22f
553nmbr,22g
554nmbr,22h
555nmbr,22i
556nmbr,22j
557nmbr,22k
558nmbr,22l
559nmbr,22m
560nmbr,22n
561nmbr,22o
562nmbr,22p
563nmbr,22q
564nmbr,22r
565nmbr,22s
566nmbr,22t
567nmbr,22u
568nmbr,22v
569nmbr,22w
570nmbr,22x
571nmbr,22y
572nmbr,23`
573nmbr,23a
574nmbr,23b
575nmbr,23c
576nmbr,23d
577nmbr,23e
578nmbr,23f
579nmbr,23g
580nmbr,23h
581nmbr,23i
582nmbr,23j
583nmbr,23k
584nmbr,23l
585nmbr,23m
586nmbr,23n
587nmbr,23o
588nmbr,23p
589nmbr,23q
590nmbr,23r
591nmbr,23s
592nmbr,23t
593nmbr,23u
594nmbr,23v
595nmbr,23w
596nmbr,23x
597nmbr,23y
598nmbr,24`
599nmbr,24a
600nmbr,24b
601nmbr,24c
602nmbr,24d
603nmbr,24e
604nmbr,24f
605nmbr,24g
606nmbr,24h
607nmbr,24i
608nmbr,24j
609nmbr,24k
610nmbr,24l
611nmbr,24m
612nmbr,24n
613nmbr,24o
614nmbr,24p
615nmbr,24q
616nmbr,24r
617nmbr,24s
618nmbr,24t
619nmbr,24u
620nmbr,24v
621nmbr,24w
622nmbr,24x
623nmbr,24y
624nmbr,25`
625nmbr,25a
626nmbr,25b
627nmbr,25c
628nmbr,25d
629nmbr,25e
630nmbr,25f
631nmbr,25g
632nmbr,25h
633nmbr,25i
634nmbr,25j
635nmbr,25k
636nmbr,25l
637nmbr,25m
638nmbr,25n
639nmbr,25o
640nmbr,25p
641nmbr,25q
642nmbr,25r
643nmbr,25s
644nmbr,25t
645nmbr,25u
646nmbr,25v
647nmbr,25w
648nmbr,25x
649nmbr,25y
650nmbr,26`
651nmbr,26a
652nmbr,26b
653nmbr,26c
654nmbr,26d
655nmbr,26e
656nmbr,26f
657nmbr,26g
658nmbr,26h
659nmbr,26i
660nmbr,26j
661nmbr,26k
662nmbr,26l
663nmbr,26m
664nmbr,26n
665nmbr,26o
666nmbr,26p
667nmbr,26q
668nmbr,26r
669nmbr,26s
670nmbr,26t
671nmbr,26u
672nmbr,26v
673nmbr,26w
674nmbr,26x
675nmbr,26y
676nmbr,27`
677nmbr,27a
678nmbr,27b
679nmbr,27c
680nmbr,27d
681nmbr,27e
682nmbr,27f
683nmbr,27g
684nmbr,27h
685nmbr,27i
686nmbr,27j
687nmbr,27k
688nmbr,27l
689nmbr,27m
690nmbr,27n
691nmbr,27o
692nmbr,27p
693nmbr,27q
694nmbr,27r
695nmbr,27s
696nmbr,27t
697nmbr,27u
698nmbr,27v
699nmbr,27w
700nmbr,27x
701nmbr,27y
702nmbr,28`
703nmbr,28a
704nmbr,28b
705nmbr,28c
706nmbr,28d
707nmbr,28e
708nmbr,28f
709nmbr,28g
710nmbr,28h
711nmbr,28i
712nmbr,28j
713nmbr,28k
714nmbr,28l
715nmbr,28m
716nmbr,28n
717nmbr,28o
718nmbr,28p
719nmbr,28q
720nmbr,28r
721nmbr,28s
722nmbr,28t
723nmbr,28u
724nmbr,28v
725nmbr,28w
726nmbr,28x
727nmbr,28y
728nmbr,29`
729nmbr,29a
730nmbr,29b
731nmbr,29c
732nmbr,29d
733nmbr,29e
734nmbr,29f
735nmbr,29g
736nmbr,29h
737nmbr,29i
738nmbr,29j
739nmbr,29k
740nmbr,29l
741nmbr,29m
742nmbr,29n
743nmbr,29o
744nmbr,29p
745nmbr,29q
746nmbr,29r
747nmbr,29s
748nmbr,29t
749nmbr,29u
750nmbr,29v
751nmbr,29w
752nmbr,29x
753nmbr,29y
754nmbr,30`
755nmbr,30a
756nmbr,30b
757nmbr,30c
758nmbr,30d
759nmbr,30e
760nmbr,30f
761nmbr,30g
762nmbr,30h
763nmbr,30i
764nmbr,30j
765nmbr,30k
766nmbr,30l
767nmbr,30m
768nmbr,30n
769nmbr,30o
770nmbr,30p
771nmbr,30q
772nmbr,30r
773nmbr,30s
774nmbr,30t
775nmbr,30u
776nmbr,30v
777nmbr,30w
778nmbr,30x
779nmbr,30y
780nmbr,31`
781nmbr,31a
782nmbr,31b
783nmbr,31c
784nmbr,31d
785nmbr,31e
786nmbr,31f
787nmbr,31g
788nmbr,31h
789nmbr,31i
790nmbr,31j
791nmbr,31k
792nmbr,31l
793nmbr,31m
794nmbr,31n
795nmbr,31o
796nmbr,31p
797nmbr,31q
798nmbr,31r
799nmbr,31s
800nmbr,31t
801nmbr,31u
802nmbr,31v
803nmbr,31w
804nmbr,31x
805nmbr,31y
806nmbr,32`
807nmbr,32a
808nmbr,32b
809nmbr,32c
810nmbr,32d
811nmbr,32e
812nmbr,32f
813nmbr,32g
814nmbr,32h
815nmbr,32i
816nmbr,32j
817nmbr,32k
818nmbr,32l
819nmbr,32m
820nmbr,32n
821nmbr,32o
822nmbr,32p
823nmbr,32q
824nmbr,32r
825nmbr,32s
826nmbr,32t
827nmbr,32u
828nmbr,32v
829nmbr,32w
830nmbr,32x
831nmbr,32y
832nmbr,33`
833nmbr,33a
834nmbr,33b
835nmbr,33c
836nmbr,33d
837nmbr,33e
838nmbr,33f
839nmbr,33g
840nmbr,33h
841nmbr,33i
842nmbr,33j
843nmbr,33k
844nmbr,33l
845nmbr,33m
846nmbr,33n
847nmbr,33o
848nmbr,33p
849nmbr,33q
850nmbr,33r
851nmbr,33s
852nmbr,33t
853nmbr,33u
854nmbr,33v
855nmbr,33w
856nmbr,33x
857nmbr,33y
858nmbr,34`
859nmbr,34a
860nmbr,34b
861nmbr,34c
862nmbr,34d
863nmbr,34e
864nmbr,34f
865nmbr,34g
866nmbr,34h
867nmbr,34i
868nmbr,34j
869nmbr,34k
870nmbr,34l
871nmbr,34m
872nmbr,34n
873nmbr,34o
874nmbr,34p
875nmbr,34q
876nmbr,34r
877nmbr,34s
878nmbr,34t
879nmbr,34u
880nmbr,34v
881nmbr,34w
882nmbr,34x
883nmbr,34y
884nmbr,35`
885nmbr,35a
886nmbr,35b
887nmbr,35c
888nmbr,35d
889nmbr,35e
890nmbr,35f
891nmbr,35g
892nmbr,35h
893nmbr,35i
894nmbr,35j
895nmbr,35k
896nmbr,35l
897nmbr,35m
898nmbr,35n
899nmbr,35o
900nmbr,35p
901nmbr,35q
902nmbr,35r
903nmbr,35s
904nmbr,35t
905nmbr,35u
906nmbr,35v
907nmbr,35w
908nmbr,35x
909nmbr,35y
910nmbr,36`
911nmbr,36a
912nmbr,36b
913nmbr,36c
914nmbr,36d
915nmbr,36e
916nmbr,36f
917nmbr,36g
918nmbr,36h
919nmbr,36i
920nmbr,36j
921nmbr,36k
922nmbr,36l
923nmbr,36m
924nmbr,36n
925nmbr,36o
926nmbr,36p
927nmbr,36q
928nmbr,36r
929nmbr,36s
930nmbr,36t
931nmbr,36u
932nmbr,36v
933nmbr,36w
934nmbr,36x
935nmbr,36y
936nmbr,37`
937nmbr,37a
938nmbr,37b
939nmbr,37c
940nmbr,37d
941nmbr,37e
942nmbr,37f
943nmbr,37g
944nmbr,37h
945nmbr,37i
946nmbr,37j
947nmbr,37k
948nmbr,37l
949nmbr,37m
950nmbr,37n
951nmbr,37o
952nmbr,37p
953nmbr,37q
954nmbr,37r
955nmbr,37s
956nmbr,37t
957nmbr,37u
958nmbr,37v
959nmbr,37w
960nmbr,37x
961nmbr,37y
962nmbr,38`
963nmbr,38a
964nmbr,38b
965nmbr,38c
966nmbr,38d
967nmbr,38e
968nmbr,38f
969nmbr,38g
970nmbr,38h
971nmbr,38i
972nmbr,38j
973nmbr,38k
974nmbr,38l
975nmbr,38m
976nmbr,38n
977nmbr,38o
978nmbr,38p
979nmbr,38q
980nmbr,38r
981nmbr,38s
982nmbr,38t
983nmbr,38u
984nmbr,38v
985nmbr,38w
986nmbr,38x
987nmbr,38y
988nmbr,39`
989nmbr,39a
990nmbr,39b
991nmbr,39c
992nmbr,39d
993nmbr,39e
994nmbr,39f
995nmbr,39g
996nmbr,39h
997nmbr,39i
998nmbr,39j
999nmbr,39k
1000nmbr,39l
1001nmbr,39m
1002nmbr,39n
1003nmbr,39o
1004nmbr,39p
1005nmbr,39q
1006nmbr,39r
1007nmbr,39s
1008nmbr,39t
1009nmbr,39u
1010nmbr,39v
1011nmbr,39w
1012nmbr,39x
1013nmbr,39y
1014nmbr,40`
1015nmbr,40a
1016nmbr,40b
1017nmbr,40c
1018nmbr,40d
1019nmbr,40e
1020nmbr,40f
1021nmbr,40g
1022nmbr,40h
1023nmbr,40i
1024nmbr,40j
1025nmbr,40k
1026nmbr,40l
1027nmbr,40m
1028nmbr,40n
1029nmbr,40o
1030nmbr,40p
1031nmbr,40q
1032nmbr,40r
1033nmbr,40s
1034nmbr,40t
1035nmbr,40u
1036nmbr,40v
1037nmbr,40w
1038nmbr,40x
1039nmbr,40y
1040nmbr,41`
1041nmbr,41a
1042nmbr,41b
1043nmbr,41c
1044nmbr,41d
1045nmbr,41e
1046nmbr,41f
1047nmbr,41g
1048nmbr,41h
1049nmbr,41i
1050nmbr,41j
1051nmbr,41k
1052nmbr,41l
1053nmbr,41m
1054nmbr,41n
1055nmbr,41o
1056nmbr,41p
1057nmbr,41q
1058nmbr,41r
1059nmbr,41s
1060nmbr,41t
1061nmbr,41u
1062nmbr,41v
1063nmbr,41w
1064nmbr,41x
1065nmbr,41y
1066nmbr,42`
1067nmbr,42a
1068nmbr,42b
1069nmbr,42c
1070nmbr,42d
1071nmbr,42e
1072nmbr,42f
1073nmbr,42g
1074nmbr,42h
1075nmbr,42i
1076nmbr,42j
1077nmbr,42k
1078nmbr,42l
1079nmbr,42m
1080nmbr,42n
1081nmbr,42o
1082nmbr,42p
1083nmbr,42q
1084nmbr,42r
1085nmbr,42s
1086nmbr,42t
1087nmbr,42u
1088nmbr,42v
1089nmbr,42w
1090nmbr,42x
1091nmbr,42y
1092nmbr,43`
1093nmbr,43a
1094nmbr,43b
1095nmbr,43c
1096nmbr,43d
1097nmbr,43e
1098nmbr,43f
1099nmbr,43g
1100nmbr,43h
1101nmbr,43i
1102nmbr,43j
1103nmbr,43k
1104nmbr,43l
1105nmbr,43m
1106nmbr,43n
1107nmbr,43o
1108nmbr,43p
1109nmbr,43q
1110nmbr,43r
1111nmbr,43s
1112nmbr,43t
1113nmbr,43u
1114nmbr,43v
1115nmbr,43w
1116nmbr,43x
1117nmbr,43y
1118nmbr,44`
1119nmbr,44a
1120nmbr,44b
1121nmbr,44c
1122nmbr,44d
1123nmbr,44e
1124nmbr,44f
1125nmbr,44g
1126nmbr,44h
1127nmbr,44i
1128nmbr,44j
1129nmbr,44k
1130nmbr,44l
1131nmbr,44m
1132nmbr,44n
1133nmbr,44o
1134nmbr,44p
1135nmbr,44q
1136nmbr,44r
1137nmbr,44s
1138nmbr,44t
1139nmbr,44u
1140nmbr,44v
1141nmbr,44w
1142nmbr,44x
1143nmbr,44y
1144nmbr,45`
1145nmbr,45a
1146nmbr,45b
1147nmbr,45c
1148nmbr,45d
1149nmbr,45e
1150nmbr,45f
1151nmbr,45g
1152nmbr,45h
1153nmbr,45i
1154nmbr,45j
1155nmbr,45k
1156nmbr,45l
1157nmbr,45m
1158nmbr,45n
1159nmbr,45o
1160nmbr,45p
1161nmbr,45q
1162nmbr,45r
1163nmbr,45s
1164nmbr,45t
1165nmbr,45u
1166nmbr,45v
1167nmbr,45w
1168nmbr,45x
1169nmbr,45y
1170nmbr,46`
1171nmbr,46a
1172nmbr,46b
1173nmbr,46c
1174nmbr,46d
1175nmbr,46e
1176nmbr,46f
1177nmbr,46g
1178nmbr,46h
1179nmbr,46i
1180nmbr,46j
1181nmbr,46k
1182nmbr,46l
1183nmbr,46m
1184nmbr,46n
1185nmbr,46o
1186nmbr,46p
1187nmbr,46q
1188nmbr,46r
1189nmbr,46s
1190nmbr,46t
1191nmbr,46u
1192nmbr,46v
1193nmbr,46w
1194nmbr,46x
1195nmbr,46y
1196nmbr,47`
1197nmbr,47a
1198nmbr,47b
1199nmbr,47c
1200nmbr,47d
1201nmbr,47e
1202nmbr,47f
1203nmbr,47g
1204nmbr,47h
1205nmbr,47i
1206nmbr,47j
1207nmbr,47k
1208nmbr,47l
1209nmbr,47m
1210nmbr,47n
1211nmbr,47o
1212nmbr,47p
1213nmbr,47q
1214nmbr,47r
1215nmbr,47s
1216nmbr,47t
1217nmbr,47u
1218nmbr,47v
1219nmbr,47w
1220nmbr,47x
1221nmbr,47y
1222nmbr,48`
1223nmbr,48a
1224nmbr,48b
1225nmbr,48c
1226nmbr,48d
1227nmbr,48e
1228nmbr,48f
1229nmbr,48g
1230nmbr,48h
1231nmbr,48i
1232nmbr,48j
1233nmbr,48k
1234nmbr,48l
1235nmbr,48m
1236nmbr,48n
1237nmbr,48o
1238nmbr,48p
1239nmbr,48q
1240nmbr,48r
1241nmbr,48s
1242nmbr,48t
1243nmbr,48u
1244nmbr,48v
1245nmbr,48w
1246nmbr,48x
1247nmbr,48y
1248nmbr,49`
1249nmbr,49a
1250nmbr,49b
1251nmbr,49c
1252nmbr,49d
1253nmbr,49e
1254nmbr,49f
1255nmbr,49g
1256nmbr,49h
1257nmbr,49i
1258nmbr,49j
1259nmbr,49k
1260nmbr,49l
1261nmbr,49m
1262nmbr,49n
1263nmbr,49o
1264nmbr,49p
1265nmbr,49q
1266nmbr,49r
1267nmbr,49s
1268nmbr,49t
1269nmbr,49u
1270nmbr,49v
1271nmbr,49w
1272nmbr,49x
1273nmbr,49y
1274nmbr,50`
1275nmbr,50a
1276nmbr,50b
1277nmbr,50c
1278nmbr,50d
1279nmbr,50e
1280nmbr,50f
1281nmbr,50g
1282nmbr,50h
1283nmbr,50i
1284nmbr,50j
1285nmbr,50k
1286nmbr,50l
1287nmbr,50m
1288nmbr,50n
1289nmbr,50o
1290nmbr,50p
1291nmbr,50q
1292nmbr,50r
1293nmbr,50s
1294nmbr,50t
1295nmbr,50u
1296nmbr,50v
1297nmbr,50w
1298nmbr,50x
1299nmbr,50y
1300nmbr,51`
1301nmbr,51a
1302nmbr,51b
1303nmbr,51c
1304nmbr,51d
1305nmbr,51e
1306nmbr,51f
1307nmbr,51g
1308nmbr,51h
1309nmbr,51i
1310nmbr,51j
1311nmbr,51k
1312nmbr,51l
1313nmbr,51m
1314nmbr,51n
1315nmbr,51o
1316nmbr,51p
1317nmbr,51q
1318nmbr,51r
1319nmbr,51s
1320nmbr,51t
1321nmbr,51u
1322nmbr,51v
1323nmbr,51w
1324nmbr,51x
1325nmbr,51y
1326nmbr,52`
1327nmbr,52a
1328nmbr,52b
1329nmbr,52c
1330nmbr,52d
1331nmbr,52e
1332nmbr,52f
1333nmbr,52g
1334nmbr,52h
1335nmbr,52i
1336nmbr,52j
1337nmbr,52k
1338nmbr,52l
1339nmbr,52m
1340nmbr,52n
1341nmbr,52o
1342nmbr,52p
1343nmbr,52q
1344nmbr,52r
1345nmbr,52s
1346nmbr,52t
1347nmbr,52u
1348nmbr,52v
1349nmbr,52w
1350nmbr,52x
1351nmbr,52y
1352nmbr,53`
1353nmbr,53a
1354nmbr,53b
1355nmbr,53c
1356nmbr,53d
1357nmbr,53e
1358nmbr,53f
1359nmbr,53g
1360nmbr,53h
1361nmbr,53i
1362nmbr,53j
1363nmbr,53k
1364nmbr,53l
1365nmbr,53m
1366nmbr,53n
1367nmbr,53o
1368nmbr,53p
1369nmbr,53q
1370nmbr,53r
1371nmbr,53s
1372nmbr,53t
1373nmbr,53u
1374nmbr,53v
1375nmbr,53w
1376nmbr,53x
1377nmbr,53y
1378nmbr,54`
1379nmbr,54a
1380nmbr,54b
1381nmbr,54c
1382nmbr,54d
1383nmbr,54e
1384nmbr,54f
1385nmbr,54g
1386nmbr,54h
1387nmbr,54i
1388nmbr,54j
1389nmbr,54k
1390nmbr,54l
1391nmbr,54m
1392nmbr,54n
1393nmbr,54o
1394nmbr,54p
1395nmbr,54q
1396nmbr,54r
1397nmbr,54s
1398nmbr,54t
1399nmbr,54u
1400nmbr,54v
1401nmbr,54w
1402nmbr,54x
1403nmbr,54y
1404nmbr,55`
1405nmbr,55a
1406nmbr,55b
1407nmbr,55c
1408nmbr,55d
1409nmbr,55e
1410nmbr,55f
1411nmbr,55g
1412nmbr,55h
1413nmbr,55i
1414nmbr,55j
1415nmbr,55k
1416nmbr,55l
1417nmbr,55m
1418nmbr,55n
1419nmbr,55o
1420nmbr,55p
1421nmbr,55q
1422nmbr,55r
1423nmbr,55s
1424nmbr,55t
1425nmbr,55u
1426nmbr,55v
1427nmbr,55w
1428nmbr,55x
1429nmbr,55y
1430nmbr,56`
1431nmbr,56a
1432nmbr,56b
1433nmbr,56c
1434nmbr,56d
1435nmbr,56e
1436nmbr,56f
1437nmbr,56g
1438nmbr,56h
1439nmbr,56i
1440nmbr,56j
1441nmbr,56k
1442nmbr,56l
1443nmbr,56m
1444nmbr,56n
1445nmbr,56o
1446nmbr,56p
1447nmbr,56q
1448nmbr,56r
1449nmbr,56s
1450nmbr,56t
1451nmbr,56u
1452nmbr,56v
1453nmbr,56w
1454nmbr,56x
1455nmbr,56y
1456nmbr,57`
1457nmbr,57a
1458nmbr,57b
1459nmbr,57c
1460nmbr,57d
1461nmbr,57e
1462nmbr,57f
1463nmbr,57g
1464nmbr,57h
1465nmbr,57i
1466nmbr,57j
1467nmbr,57k
1468nmbr,57l
1469nmbr,57m
1470nmbr,57n
1471nmbr,57o
1472nmbr,57p
1473nmbr,57q
1474nmbr,57r
1475nmbr,57s
1476nmbr,57t
1477nmbr,57u
1478nmbr,57v
1479nmbr,57w
1480nmbr,57x
1481nmbr,57y
1482nmbr,58`
1483nmbr,58a
1484nmbr,58b
1485nmbr,58c
1486nmbr,58d
1487nmbr,58e
1488nmbr,58f
1489nmbr,58g
1490nmbr,58h
1491nmbr,58i
1492nmbr,58j
1493nmbr,58k
1494nmbr,58l
1495nmbr,58m
1496nmbr,58n
1497nmbr,58o
1498nmbr,58p
1499nmbr,58q
1500nmbr,58r
1501nmbr,58s
1502nmbr,58t
1503nmbr,58u
1504nmbr,58v
1505nmbr,58w
1506nmbr,58x
1507nmbr,58y
1508nmbr,59`
1509nmbr,59a
1510nmbr,59b
1511nmbr,59c
1512nmbr,59d
1513nmbr,59e
1514nmbr,59f
1515nmbr,59g
1516nmbr,59h
1517nmbr,59i
1518nmbr,59j
1519nmbr,59k
1520nmbr,59l
1521nmbr,59m
1522nmbr,59n
1523nmbr,59o
1524nmbr,59p
1525nmbr,59q
1526nmbr,59r
1527nmbr,59s
1528nmbr,59t
1529nmbr,59u
1530nmbr,59v
1531nmbr,59w
1532nmbr,59x
1533nmbr,59y
1534nmbr,60`
1535nmbr,60a
1536nmbr,60b
1537nmbr,60c
1538nmbr,60d
1539nmbr,60e
1540nmbr,60f
1541nmbr,60g
1542nmbr,60h
1543nmbr,60i
1544nmbr,60j
1545nmbr,60k
1546nmbr,60l
1547nmbr,60m
1548nmbr,60n
1549nmbr,60o
1550nmbr,60p
1551nmbr,60q
1552nmbr,60r
1553nmbr,60s
1554nmbr,60t
1555nmbr,60u
1556nmbr,60v
1557nmbr,60w
1558nmbr,60x
1559nmbr,60y
1560nmbr,61`
1561nmbr,61a
1562nmbr,61b
1563nmbr,61c
1564nmbr,61d
1565nmbr,61e
1566nmbr,61f
1567nmbr,61g
1568nmbr,61h
1569nmbr,61i
1570nmbr,61j
1571nmbr,61k
1572nmbr,61l
1573nmbr,61m
1574nmbr,61n
1575nmbr,61o
1576nmbr,61p
1577nmbr,61q
1578nmbr,61r
1579nmbr,61s
1580nmbr,61t
1581nmbr,61u
1582nmbr,61v
1583nmbr,61w
1584nmbr,61x
1585nmbr,61y
1586nmbr,62`
1587nmbr,62a
1588nmbr,62b
1589nmbr,62c
1590nmbr,62d
1591nmbr,62e
1592nmbr,62f
1593nmbr,62g
1594nmbr,62h
1595nmbr,62i
1596nmbr,62j
1597nmbr,62k
1598nmbr,62l
1599nmbr,62m
1600nmbr,62n
1601nmbr,62o
1602nmbr,62p
1603nmbr,62q
1604nmbr,62r
1605nmbr,62s
1606nmbr,62t
1607nmbr,62u
1608nmbr,62v
1609nmbr,62w
1610nmbr,62x
1611nmbr,62y
1612nmbr,63`
1613nmbr,63a
1614nmbr,63b
1615nmbr,63c
1616nmbr,63d
1617nmbr,63e
1618nmbr,63f
1619nmbr,63g
1620nmbr,63h
1621nmbr,63i
1622nmbr,63j
1623nmbr,63k
1624nmbr,63l
1625nmbr,63m
1626nmbr,63n
1627nmbr,63o
1628nmbr,63p
1629nmbr,63q
1630nmbr,63r
1631nmbr,63s
1632nmbr,63t
1633nmbr,63u
1634nmbr,63v
1635nmbr,63w
1636nmbr,63x
1637nmbr,63y
1638nmbr,64`
1639nmbr,64a
1640nmbr,64b
1641nmbr,64c
1642nmbr,64d
1643nmbr,64e
1644nmbr,64f
1645nmbr,64g
1646nmbr,64h
1647nmbr,64i
1648nmbr,64j
1649nmbr,64k
1650nmbr,64l
1651nmbr,64m
1652nmbr,64n
1653nmbr,64o
1654nmbr,64p
1655nmbr,64q
1656nmbr,64r
1657nmbr,64s
1658nmbr,64t
1659nmbr,64u
1660nmbr,64v
1661nmbr,64w
1662nmbr,64x
1663nmbr,64y
1664nmbr,65`
1665nmbr,65a
1666nmbr,65b
1667nmbr,65c
1668nmbr,65d
1669nmbr,65e
1670nmbr,65f
1671nmbr,65g
1672nmbr,65h
1673nmbr,65i
1674nmbr,65j
1675nmbr,65k
1676nmbr,65l
1677nmbr,65m
1678nmbr,65n
1679nmbr,65o
1680nmbr,65p
1681nmbr,65q
1682nmbr,65r
1683nmbr,65s
1684nmbr,65t
1685nmbr,65u
1686nmbr,65v
1687nmbr,65w
1688nmbr,65x
1689nmbr,65y
1690nmbr,66`
1691nmbr,66a
1692nmbr,66b
1693nmbr,66c
1694nmbr,66d
1695nmbr,66e
1696nmbr,66f
1697nmbr,66g
1698nmbr,66h
1699nmbr,66i
1700nmbr,66j
1701nmbr,66k
1702nmbr,66l
1703nmbr,66m
1704nmbr,66n
1705nmbr,66o
1706nmbr,66p
1707nmbr,66q
1708nmbr,66r
1709nmbr,66s
1710nmbr,66t
1711nmbr,66u
1712nmbr,66v
1713nmbr,66w
1714nmbr,66x
1715nmbr,66y
1716nmbr,67`
1717nmbr,67a
1718nmbr,67b
1719nmbr,67c
1720nmbr,67d
1721nmbr,67e
1722nmbr,67f
1723nmbr,67g
1724nmbr,67h
1725nmbr,67i
1726nmbr,67j
1727nmbr,67k
1728nmbr,67l
1729nmbr,67m
1730nmbr,67n
1731nmbr,67o
1732nmbr,67p
1733nmbr,67q
1734nmbr,67r
1735nmbr,67s
1736nmbr,67t
1737nmbr,67u
1738nmbr,67v
1739nmbr,67w
1740nmbr,67x
1741nmbr,67y
1742nmbr,68`
1743nmbr,68a
1744nmbr,68b
1745nmbr,68c
1746nmbr,68d
1747nmbr,68e
1748nmbr,68f
1749nmbr,68g
1750nmbr,68h
1751nmbr,68i
1752nmbr,68j
1753nmbr,68k
1754nmbr,68l
1755nmbr,68m
1756nmbr,68n
1757nmbr,68o
1758nmbr,68p
1759nmbr,68q
1760nmbr,68r
1761nmbr,68s
1762nmbr,68t
1763nmbr,68u
1764nmbr,68v
1765nmbr,68w
1766nmbr,68x
1767nmbr,68y
1768nmbr,69`
1769nmbr,69a
1770nmbr,69b
1771nmbr,69c
1772nmbr,69d
1773nmbr,69e
1774nmbr,69f
1775nmbr,69g
1776nmbr,69h
1777nmbr,69i
1778nmbr,69j
1779nmbr,69k
1780nmbr,69l
1781nmbr,69m
1782nmbr,69n
1783nmbr,69o
1784nmbr,69p
1785nmbr,69q
1786nmbr,69r
1787nmbr,69s
1788nmbr,69t
1789nmbr,69u
1790nmbr,69v
1791nmbr,69w
1792nmbr,69x
1793nmbr,69y
1794nmbr,70`
1795nmbr,70a
1796nmbr,70b
1797nmbr,70c
1798nmbr,70d
1799nmbr,70e
1800nmbr,70f
1801nmbr,70g
1802nmbr,70h
1803nmbr,70i
1804nmbr,70j
1805nmbr,70k
1806nmbr,70l
1807nmbr,70m
1808nmbr,70n
1809nmbr,70o
1810nmbr,70p
1811nmbr,70q
1812nmbr,70r
1813nmbr,70s
1814nmbr,70t
1815nmbr,70u
1816nmbr,70v
1817nmbr,70w
1818nmbr,70x
1819nmbr,70y
1820nmbr,71`
1821nmbr,71a
1822nmbr,71b
1823nmbr,71c
1824nmbr,71d
1825nmbr,71e
1826nmbr,71f
1827nmbr,71g
1828nmbr,71h
1829nmbr,71i
1830nmbr,71j
1831nmbr,71k
1832nmbr,71l
1833nmbr,71m
1834nmbr,71n
1835nmbr,71o
1836nmbr,71p
1837nmbr,71q
1838nmbr,71r
1839nmbr,71s
1840nmbr,71t
1841nmbr,71u
1842nmbr,71v
1843nmbr,71w
1844nmbr,71x
1845nmbr,71y
1846nmbr,72`
1847nmbr,72a
1848nmbr,72b
1849nmbr,72c
1850nmbr,72d
1851nmbr,72e
1852nmbr,72f
1853nmbr,72g
1854nmbr,72h
1855nmbr,72i
1856nmbr,72j
1857nmbr,72k
1858nmbr,72l
1859nmbr,72m
1860nmbr,72n
1861nmbr,72o
1862nmbr,72p
1863nmbr,72q
1864nmbr,72r
1865nmbr,72s
1866nmbr,72t
1867nmbr,72u
1868nmbr,72v
1869nmbr,72w
1870nmbr,72x
1871nmbr,72y
1872nmbr,73`
1873nmbr,73a
1874nmbr,73b
1875nmbr,73c
1876nmbr,73d
1877nmbr,73e
1878nmbr,73f
1879nmbr,73g
1880nmbr,73h
1881nmbr,73i
1882nmbr,73j
1883nmbr,73k
1884nmbr,73l
1885nmbr,73m
1886nmbr,73n
1887nmbr,73o
1888nmbr,73p
1889nmbr,73q
1890nmbr,73r
1891nmbr,73s
1892nmbr,73t
1893nmbr,73u
1894nmbr,73v
1895nmbr,73w
1896nmbr,73x
1897nmbr,73y
1898nmbr,74`
1899nmbr,74a
1900nmbr,74b
1901nmbr,74c
1902nmbr,74d
1903nmbr,74e
1904nmbr,74f
1905nmbr,74g
1906nmbr,74h
1907nmbr,74i
1908nmbr,74j
1909nmbr,74k
1910nmbr,74l
1911nmbr,74m
1912nmbr,74n
1913nmbr,74o
1914nmbr,74p
1915nmbr,74q
1916nmbr,74r
1917nmbr,74s
1918nmbr,74t
1919nmbr,74u
1920nmbr,74v
1921nmbr,74w
1922nmbr,74x
1923nmbr,74y
1924nmbr,75`
1925nmbr,75a
1926nmbr,75b
1927nmbr,75c
1928nmbr,75d
1929nmbr,75e
1930nmbr,75f
1931nmbr,75g
1932nmbr,75h
1933nmbr,75i
1934nmbr,75j
1935nmbr,75k
1936nmbr,75l
1937nmbr,75m
1938nmbr,75n
1939nmbr,75o
1940nmbr,75p
1941nmbr,75q
1942nmbr,75r
1943nmbr,75s
1944nmbr,75t
1945nmbr,75u
1946nmbr,75v
1947nmbr,75w
1948nmbr,75x
1949nmbr,75y
1950nmbr,76`
1951nmbr,76a
1952nmbr,76b
1953nmbr,76c
1954nmbr,76d
1955nmbr,76e
1956nmbr,76f
1957nmbr,76g
1958nmbr,76h
1959nmbr,76i
1960nmbr,76j
1961nmbr,76k
1962nmbr,76l
1963nmbr,76m
1964nmbr,76n
1965nmbr,76o
1966nmbr,76p
1967nmbr,76q
1968nmbr,76r
1969nmbr,76s
1970nmbr,76t
1971nmbr,76u
1972nmbr,76v
1973nmbr,76w
1974nmbr,76x
1975nmbr,76y
1976nmbr,77`
1977nmbr,77a
1978nmbr,77b
1979nmbr,77c
1980nmbr,77d
1981nmbr,77e
1982nmbr,77f
1983nmbr,77g
1984nmbr,77h
1985nmbr,77i
1986nmbr,77j
1987nmbr,77k
1988nmbr,77l
1989nmbr,77m
1990nmbr,77n
1991nmbr,77o
1992nmbr,77p
1993nmbr,77q
1994nmbr,77r
1995nmbr,77s
1996nmbr,77t
1997nmbr,77u
1998nmbr,77v
1999nmbr,77w
2000nmbr,77x
2001nmbr,77y
2002nmbr,78`
2003nmbr,78a
2004nmbr,78b
2005nmbr,78c
2006nmbr,78d
2007nmbr,78e
2008nmbr,78f
2009nmbr,78g
2010nmbr,78h
2011nmbr,78i
2012nmbr,78j
2013nmbr,78k
2014nmbr,78l
2015nmbr,78m
2016nmbr,78n
2017nmbr,78o
2018nmbr,78p
2019nmbr,78q
2020nmbr,78r
2021nmbr,78s
2022nmbr,78t
2023nmbr,78u
2024nmbr,78v
2025nmbr,78w
2026nmbr,78x
2027nmbr,78y
2028nmbr,79`
2029nmbr,79a
2030nmbr,79b
2031nmbr,79c
2032nmbr,79d
2033nmbr,79e
2034nmbr,79f
2035nmbr,79g
2036nmbr,79h
2037nmbr,79i
2038nmbr,79j
2039nmbr,79k
2040nmbr,79l
2041nmbr,79m
2042nmbr,79n
2043nmbr,79o
2044nmbr,79p
2045nmbr,79q
2046nmbr,79r
2047nmbr,79s
2048nmbr,79t
2049nmbr,79u
2050nmbr,79v
2051nmbr,79w
2052nmbr,79x
2053nmbr,79y
2054nmbr,80`
2055nmbr,80a
2056nmbr,80b
2057nmbr,80c
2058nmbr,80d
2059nmbr,80e
2060nmbr,80f
2061nmbr,80g
2062nmbr,80h
2063nmbr,80i
2064nmbr,80j
2065nmbr,80k
2066nmbr,80l
2067nmbr,80m
2068nmbr,80n
2069nmbr,80o
2070nmbr,80p
2071nmbr,80q
2072nmbr,80r
2073nmbr,80s
2074nmbr,80t
2075nmbr,80u
2076nmbr,80v
2077nmbr,80w
2078nmbr,80x
2079nmbr,80y
2080nmbr,81`
2081nmbr,81a
2082nmbr,81b
2083nmbr,81c
2084nmbr,81d
2085nmbr,81e
2086nmbr,81f
2087nmbr,81g
2088nmbr,81h
2089nmbr,81i
2090nmbr,81j
2091nmbr,81k
2092nmbr,81l
2093nmbr,81m
2094nmbr,81n
2095nmbr,81o
2096nmbr,81p
2097nmbr,81q
2098nmbr,81r
2099nmbr,81s
2100nmbr,81t
2101nmbr,81u
2102nmbr,81v
2103nmbr,81w
2104nmbr,81x
2105nmbr,81y
2106nmbr,82`
2107nmbr,82a
2108nmbr,82b
2109nmbr,82c
2110nmbr,82d
2111nmbr,82e
2112nmbr,82f
2113nmbr,82g
2114nmbr,82h
2115nmbr,82i
2116nmbr,82j
2117nmbr,82k
2118nmbr,82l
2119nmbr,82m
2120nmbr,82n
2121nmbr,82o
2122nmbr,82p
2123nmbr,82q
2124nmbr,82r
2125nmbr,82s
2126nmbr,82t
2127nmbr,82u
2128nmbr,82v
2129nmbr,82w
2130nmbr,82x
2131nmbr,82y
2132nmbr,83`
2133nmbr,83a
2134nmbr,83b
2135nmbr,83c
2136nmbr,83d
2137nmbr,83e
2138nmbr,83f
2139nmbr,83g
2140nmbr,83h
2141nmbr,83i
2142nmbr,83j
2143nmbr,83k
2144nmbr,83l
2145nmbr,83m
2146nmbr,83n
2147nmbr,83o
2148nmbr,83p
2149nmbr,83q
2150nmbr,83r
2151nmbr,83s
2152nmbr,83t
2153nmbr,83u
2154nmbr,83v
2155nmbr,83w
2156nmbr,83x
2157nmbr,83y
2158nmbr,84`
2159nmbr,84a
2160nmbr,84b
2161nmbr,84c
2162nmbr,84d
2163nmbr,84e
2164nmbr,84f
2165nmbr,84g
2166nmbr,84h
2167nmbr,84i
2168nmbr,84j
2169nmbr,84k
2170nmbr,84l
2171nmbr,84m
2172nmbr,84n
2173nmbr,84o
2174nmbr,84p
2175nmbr,84q
2176nmbr,84r
2177nmbr,84s
2178nmbr,84t
2179nmbr,84u
2180nmbr,84v
2181nmbr,84w
2182nmbr,84x
2183nmbr,84y
2184nmbr,85`
2185nmbr,85a
2186nmbr,85b
2187nmbr,85c
2188nmbr,85d
2189nmbr,85e
2190nmbr,85f
2191nmbr,85g
2192nmbr,85h
2193nmbr,85i
2194nmbr,85j
2195nmbr,85k
2196nmbr,85l
2197nmbr,85m
2198nmbr,85n
2199nmbr,85o
2200nmbr,85p
2201nmbr,85q
2202nmbr,85r
2203nmbr,85s
2204nmbr,85t
2205nmbr,85u
2206nmbr,85v
2207nmbr,85w
2208nmbr,85x
2209nmbr,85y
2210nmbr,86`
2211nmbr,86a
2212nmbr,86b
2213nmbr,86c
2214nmbr,86d
2215nmbr,86e
2216nmbr,86f
2217nmbr,86g
2218nmbr,86h
2219nmbr,86i
2220nmbr,86j
2221nmbr,86k
2222nmbr,86l
2223nmbr,86m
2224nmbr,86n
2225nmbr,86o
2226nmbr,86p
2227nmbr,86q
2228nmbr,86r
2229nmbr,86s
2230nmbr,86t
2231nmbr,86u
2232nmbr,86v
2233nmbr,86w
2234nmbr,86x
2235nmbr,86y
2236nmbr,87`
2237nmbr,87a
2238nmbr,87b
2239nmbr,87c
2240nmbr,87d
2241nmbr,87e
2242nmbr,87f
2243nmbr,87g
2244nmbr,87h
2245nmbr,87i
2246nmbr,87j
2247nmbr,87k
2248nmbr,87l
2249nmbr,87m
2250nmbr,87n
2251nmbr,87o
2252nmbr,87p
2253nmbr,87q
2254nmbr,87r
2255nmbr,87s
2256nmbr,87t
2257nmbr,87u
2258nmbr,87v
2259nmbr,87w
2260nmbr,87x
2261nmbr,87y
2262nmbr,88`
2263nmbr,88a
2264nmbr,88b
2265nmbr,88c
2266nmbr,88d
2267nmbr,88e
2268nmbr,88f
2269nmbr,88g
2270nmbr,88h
2271nmbr,88i
2272nmbr,88j
2273nmbr,88k
2274nmbr,88l
2275nmbr,88m
2276nmbr,88n
2277nmbr,88o
2278nmbr,88p
2279nmbr,88q
2280nmbr,88r
2281nmbr,88s
2282nmbr,88t
2283nmbr,88u
2284nmbr,88v
2285nmbr,88w
2286nmbr,88x
2287nmbr,88y
2288nmbr,89`
2289nmbr,89a
2290nmbr,89b
2291nmbr,89c
2292nmbr,89d
2293nmbr,89e
2294nmbr,89f
2295nmbr,89g
2296nmbr,89h
2297nmbr,89i
2298nmbr,89j
2299nmbr,89k
2300nmbr,89l
2301nmbr,89m
2302nmbr,89n
2303nmbr,89o
2304nmbr,89p
2305nmbr,89q
2306nmbr,89r
2307nmbr,89s
2308nmbr,89t
2309nmbr,89u
2310nmbr,89v
2311nmbr,89w
2312nmbr,89x
2313nmbr,89y
2314nmbr,90`
2315nmbr,90a
2316nmbr,90b
2317nmbr,90c
2318nmbr,90d
2319nmbr,90e
2320nmbr,90f
2321nmbr,90g
2322nmbr,90h
2323nmbr,90i
2324nmbr,90j
2325nmbr,90k
2326nmbr,90l
2327nmbr,90m
2328nmbr,90n
2329nmbr,90o
2330nmbr,90p
2331nmbr,90q
2332nmbr,90r
2333nmbr,90s
2334nmbr,90t
2335nmbr,90u
2336nmbr,90v
2337nmbr,90w
2338nmbr,90x
2339nmbr,90y
2340nmbr,91`
2341nmbr,91a
2342nmbr,91b
2343nmbr,91c
2344nmbr,91d
2345nmbr,91e
2346nmbr,91f
2347nmbr,91g
2348nmbr,91h
2349nmbr,91i
2350nmbr,91j
2351nmbr,91k
2352nmbr,91l
2353nmbr,91m
2354nmbr,91n
2355nmbr,91o
2356nmbr,91p
2357nmbr,91q
2358nmbr,91r
2359nmbr,91s
2360nmbr,91t
2361nmbr,91u
2362nmbr,91v
2363nmbr,91w
2364nmbr,91x
2365nmbr,91y
2366nmbr,92`
2367nmbr,92a
2368nmbr,92b
2369nmbr,92c
2370nmbr,92d
2371nmbr,92e
2372nmbr,92f
2373nmbr,92g
2374nmbr,92h
2375nmbr,92i
2376nmbr,92j
2377nmbr,92k
2378nmbr,92l
2379nmbr,92m
2380nmbr,92n
2381nmbr,92o
2382nmbr,92p
2383nmbr,92q
2384nmbr,92r
2385nmbr,92s
2386nmbr,92t
2387nmbr,92u
2388nmbr,92v
2389nmbr,92w
2390nmbr,92x
2391nmbr,92y
2392nmbr,93`
2393nmbr,93a
2394nmbr,93b
2395nmbr,93c
2396nmbr,93d
2397nmbr,93e
2398nmbr,93f
2399nmbr,93g
2400nmbr,93h
2401nmbr,93i
2402nmbr,93j
2403nmbr,93k
2404nmbr,93l
2405nmbr,93m
2406nmbr,93n
2407nmbr,93o
2408nmbr,93p
2409nmbr,93q
2410nmbr,93r
2411nmbr,93s
2412nmbr,93t
2413nmbr,93u
2414nmbr,93v
2415nmbr,93w
2416nmbr,93x
2417nmbr,93y
2418nmbr,94`
2419nmbr,94a
2420nmbr,94b
2421nmbr,94c
2422nmbr,94d
2423nmbr,94e
2424nmbr,94f
2425nmbr,94g
2426nmbr,94h
2427nmbr,94i
2428nmbr,94j
2429nmbr,94k
2430nmbr,94l
2431nmbr,94m
2432nmbr,94n
2433nmbr,94o
2434nmbr,94p
2435nmbr,94q
2436nmbr,94r
2437nmbr,94s
2438nmbr,94t
2439nmbr,94u
2440nmbr,94v
2441nmbr,94w
2442nmbr,94x
2443nmbr,94y
2444nmbr,95`
2445nmbr,95a
2446nmbr,95b
2447nmbr,95c
2448nmbr,95d
2449nmbr,95e
2450nmbr,95f
2451nmbr,95g
2452nmbr,95h
2453nmbr,95i
2454nmbr,95j
2455nmbr,95k
2456nmbr,95l
2457nmbr,95m
2458nmbr,95n
2459nmbr,95o
2460nmbr,95p
2461nmbr,95q
2462nmbr,95r
2463nmbr,95s
2464nmbr,95t
2465nmbr,95u
2466nmbr,95v
2467nmbr,95w
2468nmbr,95x
2469nmbr,95y
2470nmbr,96`
2471nmbr,96a
2472nmbr,96b
2473nmbr,96c
2474nmbr,96d
2475nmbr,96e
2476nmbr,96f
2477nmbr,96g
2478nmbr,96h
2479nmbr,96i
2480nmbr,96j
2481nmbr,96k
2482nmbr,96l
2483nmbr,96m
2484nmbr,96n
2485nmbr,96o
2486nmbr,96p
2487nmbr,96q
2488nmbr,96r
2489nmbr,96s
2490nmbr,96t
2491nmbr,96u
2492nmbr,96v
2493nmbr,96w
2494nmbr,96x
2495nmbr,96y
2496nmbr,97`
2497nmbr,97a
2498nmbr,97b
2499nmbr,97c
2500nmbr,97d
2501nmbr,97e
2502nmbr,97f
2503nmbr,97g
2504nmbr,97h
2505nmbr,97i
2506nmbr,97j
2507nmbr,97k
2508nmbr,97l
2509nmbr,97m
2510nmbr,97n
2511nmbr,97o
2512nmbr,97p
2513nmbr,97q
2514nmbr,97r
2515nmbr,97s
2516nmbr,97t
2517nmbr,97u
2518nmbr,97v
2519nmbr,97w
2520nmbr,97x
2521nmbr,97y
2522nmbr,98`
2523nmbr,98a
2524nmbr,98b
2525nmbr,98c
2526nmbr,98d
2527nmbr,98e
2528nmbr,98f
2529nmbr,98g
2530nmbr,98h
2531nmbr,98i
2532nmbr,98j
2533nmbr,98k
2534nmbr,98l
2535nmbr,98m
2536nmbr,98n
2537nmbr,98o
2538nmbr,98p
2539nmbr,98q
2540nmbr,98r
2541nmbr,98s
2542nmbr,98t
2543nmbr,98u
2544nmbr,98v
2545nmbr,98w
2546nmbr,98x
2547nmbr,98y
2548nmbr,99`
2549nmbr,99a
2550nmbr,99b
2551nmbr,99c
2552nmbr,99d
2553nmbr,99e
2554nmbr,99f
2555nmbr,99g
2556nmbr,99h
2557nmbr,99i
2558nmbr,99j
2559nmbr,99k
2560nmbr,99l
2561nmbr,99m
2562nmbr,99n
2563nmbr,99o
2564nmbr,99p
2565nmbr,99q
2566nmbr,99r
2567nmbr,99s
2568nmbr,99t
2569nmbr,99u
2570nmbr,99v
2571nmbr,99w
2572nmbr,99x
2573nmbr,99y
